City,Country,Date,Latitude,Longitude,Humidity,Pressure,Temp,Max_Temp,Cloudiness,Wind_Speed
Coyhaique,CL,1602183211,-45.58,-72.07,54,1013,53.6,53.6,75,10.29
Esim,GH,1602183211,4.87,-2.24,89,1012,76.91,76.91,93,9.73
Rafaela,AR,1602183013,-31.25,-61.49,18,1012,86.0,86.0,0,1.01
Batagay,RU,1602183211,67.63,134.63,95,1016,24.94,24.94,99,3.06
Punta Arenas,CL,1602183211,-53.15,-70.92,50,1000,53.6,53.6,40,34.45
Port Alfred,ZA,1602183211,-33.59,26.89,88,1012,65.7,65.7,81,9.1
Saint-Philippe,RE,1602183130,-21.36,55.77,88,1016,69.06,73.4,13,4.7
Kapaa,US,1602183135,22.08,-159.32,69,1017,79.63,82.4,40,10.29
East London,ZA,1602183129,-33.02,27.91,93,1011,66.2,66.2,20,11.41
Busselton,AU,1602183212,-33.65,115.33,74,1008,50.36,52.0,100,3.49
Rikitea,PF,1602183212,-23.12,-134.97,79,1024,73.62,73.62,96,17.81
Cherskiy,RU,1602183212,68.75,161.3,97,1008,27.72,27.72,84,15.46
Half Moon Bay,US,1602183213,37.46,-122.43,87,1016,63.68,66.99,90,5.82
Jumla,NP,1602183213,29.27,82.18,57,1019,52.81,52.81,42,3.85
Carnarvon,AU,1602183213,-24.87,113.63,88,1014,64.4,64.4,0,10.29
Puerto Escondido,MX,1602183213,15.85,-97.07,66,1013,87.8,87.8,40,10.29
Barrow,US,1602183002,71.29,-156.79,95,1005,32.0,32.0,90,23.04
Port Elizabeth,ZA,1602183214,-33.92,25.57,93,1012,62.6,62.6,100,13.87
Hermanus,ZA,1602183214,-34.42,19.23,85,1018,57.0,57.0,100,1.99
Yining,CN,1602183143,29.04,114.56,90,1021,56.07,56.07,0,0.94
Castro,BR,1602183215,-24.79,-50.01,47,1008,83.12,83.12,57,18.97
Rawson,AR,1602183046,-43.3,-65.1,32,1007,63.86,63.86,99,25.17
Wukari,NG,1602183216,7.85,9.78,86,1012,75.88,75.88,75,0.45
Dogondoutchi,NE,1602183216,13.64,4.03,30,1008,93.99,93.99,8,6.69
Chapada dos Guimarães,BR,1602183217,-15.46,-55.75,11,1008,107.6,107.6,0,5.82
Hofn,IS,1602183217,64.25,-15.21,63,1001,45.23,45.23,26,6.98
Hobart,AU,1602183023,-42.88,147.33,100,1002,50.67,52.0,90,1.12
Cidreira,BR,1602183219,-30.18,-50.21,68,1014,64.06,64.06,67,11.05
Cockburn Town,TC,1602183219,21.46,-71.14,73,1013,83.34,83.34,3,12.24
Narsaq,GL,1602183219,60.92,-46.05,93,1014,39.2,39.2,75,1.12
Mataura,NZ,1602183219,-46.19,168.86,92,1031,35.01,35.01,8,2.68
Prieska,ZA,1602183220,-29.66,22.75,36,1010,78.58,78.58,64,12.17
Joshīmath,IN,1602183220,30.57,79.57,37,1019,55.09,55.09,0,2.77
Rørvik,NO,1602183220,64.86,11.24,93,1000,50.0,50.0,75,2.24
Iqaluit,CA,1602183220,63.75,-68.51,94,1004,32.0,32.0,75,4.76
Ţalkhā,EG,1602183220,31.05,31.38,74,1012,73.4,73.4,0,5.99
Vao,NC,1602183220,-22.67,167.48,86,1015,71.06,71.06,0,15.75
Igra,RU,1602183221,57.56,53.05,79,1034,44.69,44.69,100,10.11
Bengkulu,ID,1602182948,-3.8,102.27,85,1009,73.99,73.99,100,2.95
Poshekhon'ye,RU,1602183221,58.5,39.14,69,1023,55.51,55.51,100,10.22
Bluff,NZ,1602183131,-46.6,168.33,92,1031,35.01,35.01,11,6.96
Atar,MR,1602183221,20.52,-13.05,37,1014,102.2,102.2,0,20.8
Yellowknife,CA,1602183222,62.46,-114.35,100,1009,37.4,37.99,90,10.29
Puro,PH,1602183222,12.48,123.38,85,1007,77.83,77.83,100,0.96
Kudahuvadhoo,MV,1602183222,2.67,72.89,75,1011,82.76,82.76,52,6.22
Husavik,IS,1602183222,66.04,-17.34,86,1004,41.0,41.0,90,2.24
Nara,JP,1602183222,34.69,135.8,83,1009,63.5,64.0,100,14.36
Vaini,TO,1602183222,-21.2,-175.2,100,1015,73.4,73.4,40,3.36
Marzuq,YE,1602183223,14.4,46.47,52,1013,75.2,75.2,0,4.18
Tiksi,RU,1602183179,71.69,128.87,92,1010,14.72,14.72,20,14.79
Adrar,MR,1602183223,20.5,-10.07,15,1011,97.93,97.93,0,10.87
Atuona,PF,1602183223,-9.8,-139.03,76,1015,77.74,77.74,7,19.39
Vardø,NO,1602183224,70.37,31.11,81,1010,51.8,51.8,75,17.22
Lompoc,US,1602183224,34.64,-120.46,82,1016,60.26,60.8,90,4.7
Bac Lieu,VN,1602183225,9.29,105.72,87,1006,78.85,78.85,100,10.58
Jalu,LY,1602183225,29.03,21.55,69,1015,76.8,76.8,0,19.33
Harar,ET,1602183226,9.31,42.13,58,1012,60.48,60.48,73,2.59
Esperance,AU,1602183227,-33.87,121.9,100,1016,51.8,51.8,40,8.05
Wanning,CN,1602183227,18.8,110.4,86,1011,77.86,77.86,92,17.29
Albany,US,1602183125,42.6,-73.97,35,1015,55.8,57.0,40,18.34
Karera,IN,1602183229,25.47,78.15,34,1010,74.53,74.53,71,1.81
Thompson,CA,1602183172,55.74,-97.86,59,1016,35.6,35.6,75,2.24
Cap-aux-Meules,CA,1602183229,47.38,-61.86,93,980,51.8,51.8,90,36.91
Khatanga,RU,1602183229,71.97,102.5,98,1001,18.46,18.46,83,6.98
Torbay,CA,1602183230,47.67,-52.73,82,983,59.18,60.01,75,24.16
Port-Gentil,GA,1602183230,-0.72,8.78,88,1012,78.8,78.8,40,6.93
Huarmey,PE,1602183230,-10.07,-78.15,69,1014,68.83,68.83,28,9.69
São João da Barra,BR,1602183168,-21.64,-41.05,78,1011,80.6,80.6,75,9.17
Bathsheba,BB,1602183230,13.22,-59.52,83,1012,82.4,82.4,40,11.41
Acapulco de Juárez,MX,1602182941,16.86,-99.89,70,1012,87.8,87.8,75,4.7
Peleduy,RU,1602183231,59.63,112.74,89,1021,32.16,32.16,100,3.27
Avarua,CK,1602183231,-21.21,-159.78,88,1018,77.0,77.0,50,14.99
Mier,MX,1602183231,26.43,-99.15,41,1015,90.1,91.4,75,5.82
Bethel,US,1602182963,41.37,-73.41,41,1014,60.87,62.01,1,11.41
Veinticinco de Mayo,AR,1602183232,-35.43,-60.17,34,1017,73.0,73.0,0,8.99
Lebu,CL,1602183232,-37.62,-73.65,77,1025,54.68,54.68,12,7.09
San Patricio,US,1602183232,28.02,-97.52,55,1013,90.23,91.0,75,14.99
Cape Town,ZA,1602183129,-33.93,18.42,87,1016,58.66,62.01,75,20.8
Pitimbu,BR,1602183232,-7.47,-34.81,58,1013,86.0,86.0,20,10.29
Kologriv,RU,1602183232,58.83,44.32,65,1026,53.42,53.42,100,7.92
Ushuaia,AR,1602182996,-54.8,-68.3,65,997,46.4,46.4,75,18.34
Sitka,US,1602183233,57.05,-135.33,87,1010,46.4,46.4,75,3.36
Qaanaaq,GL,1602183233,77.48,-69.36,76,1016,17.2,17.2,74,7.65
Diffa,NE,1602182994,13.32,12.61,32,1008,92.52,92.52,100,0.98
Bukachacha,RU,1602183233,52.98,116.92,82,1019,35.76,35.76,100,6.11
Puerto Ayora,EC,1602183234,-0.74,-90.35,54,1015,73.27,78.8,40,13.87
Margate,GB,1602183234,51.38,1.39,87,1015,53.65,55.0,100,12.03
Kushima,JP,1602183234,31.46,131.23,89,1004,69.48,69.48,100,20.51
Fortuna,US,1602183235,40.6,-124.16,93,1015,56.82,60.01,75,3.36
Manakara,MG,1602183235,-22.13,48.02,91,1017,70.36,70.36,62,6.04
San Juan,AR,1602183005,-31.54,-68.54,15,1011,80.19,80.19,65,5.91
Shaoyang,CN,1602183236,27.23,111.45,81,1022,59.49,59.49,100,3.27
Longyearbyen,SJ,1602183237,78.22,15.64,80,1008,39.2,39.2,75,13.87
Mildura,AU,1602183237,-34.2,142.15,93,1018,46.22,46.4,0,5.82
Opuwo,NA,1602183238,-18.06,13.84,46,1013,64.9,64.9,0,8.68
Enumclaw,US,1602183239,47.2,-121.99,100,1014,60.03,61.0,90,3.83
Tasiilaq,GL,1602183239,65.61,-37.64,86,1015,32.2,32.2,90,5.5
Suicheng,CN,1602183239,33.9,117.93,88,1024,57.42,57.42,0,4.81
Bambanglipuro,ID,1602183240,-7.95,110.28,82,1010,76.26,76.26,94,6.38
Nome,US,1602183240,64.5,-165.41,81,986,44.44,45.0,75,18.34
Olinda,BR,1602183240,-8.01,-34.86,70,1013,84.2,84.2,40,9.17
San Policarpo,PH,1602183240,12.18,125.51,88,1007,77.0,77.0,100,3.38
Portland,US,1602183240,45.52,-122.68,77,1014,59.29,61.0,90,8.05
Lata,PT,1602183241,40.16,-8.33,83,1020,66.99,66.99,0,3.0
Upernavik,GL,1602183241,72.79,-56.15,90,1014,31.84,31.84,0,5.84
Nikolskoye,RU,1602183241,59.7,30.79,87,1016,54.79,55.4,40,4.47
Kysyl-Syr,RU,1602183241,63.9,122.76,94,1020,27.0,27.0,65,4.23
Ermelo,ZA,1602182991,-26.53,29.98,57,1015,60.37,60.37,0,2.59
Paphos,CY,1602182948,34.77,32.42,88,1013,71.4,73.4,0,3.36
Ambilobe,MG,1602183242,-13.2,49.05,83,1015,76.41,76.41,46,1.54
Kaitangata,NZ,1602183242,-46.28,169.85,86,1031,35.37,35.37,4,3.78
Leningradskiy,RU,1602183242,69.38,178.42,98,995,32.07,32.07,100,12.28
Steinbach am Taunus,DE,1602183242,50.17,8.57,72,1018,60.73,61.0,90,12.75
Klaksvík,FO,1602183243,62.23,-6.59,81,1003,42.8,42.8,0,6.93
Mayo,US,1602183243,38.89,-76.51,48,1018,68.45,70.0,1,10.29
Saint-Ambroise,CA,1602183243,48.55,-71.33,52,1007,43.93,46.0,75,17.22
Kristiansund,NO,1602183243,63.11,7.73,87,1000,50.0,50.0,75,6.93
Bredasdorp,ZA,1602183243,-34.53,20.04,93,1015,57.2,57.2,100,14.99
Mar del Plata,AR,1602182977,-38.0,-57.56,37,1013,66.2,66.2,40,13.87
Palmer,US,1602183244,42.16,-72.33,40,1012,57.9,60.8,20,11.41
Mergen,CN,1602183244,49.18,125.22,76,1025,38.89,38.89,13,6.53
North Platte,US,1602183245,41.12,-100.77,46,1015,71.6,71.6,1,8.05
Ahmadpur Sial,PK,1602183245,30.68,71.75,61,1008,78.8,78.8,0,8.01
Bambous Virieux,MU,1602183246,-20.34,57.76,88,1018,74.17,75.0,40,6.93
Oddur,SO,1602183246,4.12,43.89,69,1012,75.63,75.63,97,6.89
Samarai,PG,1602183247,-10.62,150.67,78,1010,75.99,75.99,83,7.49
Norman Wells,CA,1602183247,65.28,-126.83,93,1009,37.4,37.4,90,2.24
Lorengau,PG,1602183248,-2.02,147.27,80,1007,79.83,79.83,100,1.45
Krasnosel'kup,RU,1602183249,65.7,82.47,97,1009,32.74,32.74,100,13.73
Ribeira Grande,PT,1602183072,38.52,-28.7,88,1022,71.6,71.6,40,8.05
Jamestown,US,1602183249,42.1,-79.24,58,1020,55.54,57.0,90,14.99
Canindé,BR,1602183249,-4.36,-39.31,19,1009,99.03,99.03,36,7.67
Chu,KZ,1602183250,43.6,73.76,48,1029,45.99,45.99,100,7.94
Kavieng,PG,1602183147,-2.57,150.8,75,1007,81.81,81.81,100,5.99
Chui,UY,1602183138,-33.7,-53.46,46,1017,59.54,59.54,0,8.43
Anadyr,RU,1602183250,64.75,177.48,95,980,32.0,32.0,90,13.42
Ahipara,NZ,1602183251,-35.17,173.17,78,1024,57.27,57.27,100,14.9
Mount Gambier,AU,1602183251,-37.83,140.77,93,1015,48.2,48.2,75,14.99
Bud,US,1602183251,39.45,-86.18,34,1019,75.96,77.0,0,2.53
Popondetta,PG,1602183251,-8.75,148.25,96,1010,72.03,72.03,50,1.32
Turtas,RU,1602183251,58.94,69.13,95,1030,30.69,30.69,63,6.96
Tuatapere,NZ,1602183252,-46.13,167.68,92,1031,35.01,35.01,4,4.94
Waipawa,NZ,1602183252,-41.41,175.52,71,1032,43.57,45.0,23,3.36
Hilo,US,1602182969,19.73,-155.09,57,1017,76.26,81.0,40,4.7
Newport,GB,1602183252,51.59,-3.0,83,1014,51.98,55.99,33,7.87
New Norfolk,AU,1602183252,-42.78,147.06,93,1001,50.18,52.0,100,2.26
Abu Kamal,SY,1602183252,34.45,40.92,25,1016,67.33,67.33,0,3.31
Córdoba,AR,1602183253,-31.41,-64.18,26,1014,80.13,82.0,0,8.05
Kruisfontein,ZA,1602183253,-34.0,24.73,85,1013,64.0,64.0,100,1.99
Pedernales,DO,1602183253,18.04,-71.74,70,1013,86.0,86.0,75,11.41
Paamiut,GL,1602183254,61.99,-49.67,84,1010,42.24,42.24,100,8.28
Hefei,CN,1602183254,31.86,117.28,93,1023,57.2,57.2,0,4.47
Paungde,MM,1602183254,18.48,95.5,96,1009,74.26,74.26,100,1.36
Saurimo,AO,1602183255,-9.66,20.39,78,1011,69.66,69.66,56,2.08
Aykhal,RU,1602183256,66.0,111.5,92,1009,24.8,24.8,90,6.71
Antofagasta,CL,1602183006,-23.65,-70.4,67,1016,65.86,68.0,20,13.87
Saint-Pierre,RE,1602183258,-21.34,55.48,88,1016,69.84,73.4,12,4.7
Fasa,IR,1602183258,28.94,53.65,29,1017,66.2,66.2,0,1.21
Maiduguri,NG,1602183259,11.85,13.16,57,1010,83.71,83.71,1,10.02
Severo-Kuril'sk,RU,1602183259,50.68,156.12,81,1017,46.08,46.08,21,14.25
Talnakh,RU,1602183259,69.49,88.4,100,1003,30.2,30.2,90,15.66
Mineral Wells,US,1602183259,32.81,-98.11,39,1018,82.76,84.0,1,8.05
Tuktoyaktuk,CA,1602183132,69.45,-133.04,97,1011,33.8,33.8,90,9.17
Allāpalli,IN,1602183260,19.42,80.07,94,1008,75.47,75.47,33,1.39
Te Anau,NZ,1602183260,-45.42,167.72,89,1029,35.2,35.2,51,1.32
Studina,RO,1602183260,43.97,24.42,87,1012,59.0,59.0,75,8.05
Haines Junction,CA,1602183260,60.75,-137.51,82,1006,38.61,38.61,100,2.95
Nemuro,JP,1602183176,43.32,145.57,67,1028,53.31,53.31,0,12.44
Kuytun,RU,1602183261,54.34,101.5,98,1022,29.77,29.77,87,2.8
Kargasok,RU,1602183261,59.06,80.86,97,1024,32.49,32.49,100,11.68
Arenápolis,BR,1602183261,-14.45,-56.85,13,1006,108.07,108.07,64,1.74
Winnemucca,US,1602182971,40.97,-117.74,15,1017,66.2,66.2,1,3.36
Idaho Falls,US,1602183262,43.47,-112.03,25,1017,64.4,64.4,1,11.41
Verkhnechusovskiye Gorodki,RU,1602183262,58.17,57.11,76,1035,38.26,38.26,100,6.64
Moose Factory,CA,1602183262,51.26,-80.61,56,1015,44.6,44.6,75,11.41
Bonthe,SL,1602183262,7.53,-12.51,84,1012,79.27,79.27,29,6.35
Constitución,CL,1602183263,-35.33,-72.42,56,1023,59.47,59.47,97,18.32
Springbok,ZA,1602183263,-29.66,17.89,79,1016,51.17,51.17,0,7.07
Omboué,GA,1602183263,-1.57,9.26,85,1012,77.0,77.0,34,7.52
Abhā,SA,1602183263,18.22,42.51,22,1027,70.65,71.6,0,10.29
Bariloche,AR,1602183263,-41.15,-71.31,53,1017,51.8,51.8,40,36.91
Boden,SE,1602183264,65.83,21.69,93,1006,51.8,51.8,90,10.29
Lewisville,US,1602183264,33.05,-96.99,45,1018,84.81,86.0,5,3.36
Lagoa,PT,1602183265,39.05,-27.98,79,1021,70.74,70.74,0,2.59
Alyangula,AU,1602183265,-13.85,136.42,94,1010,69.8,69.8,83,7.85
Bushehr,IR,1602183266,28.97,50.84,33,1011,91.4,91.4,0,19.46
College,US,1602183266,64.86,-147.8,64,998,39.58,43.0,75,6.93
General Roca,AR,1602183267,-39.03,-67.58,28,1016,69.8,69.8,33,14.99
Rocha,UY,1602183268,-34.48,-54.33,45,1017,60.71,60.71,0,7.76
Kumul,CN,1602183268,42.8,93.45,49,1022,43.92,43.92,0,1.01
Saskylakh,RU,1602183269,71.92,114.08,91,1004,11.26,11.26,59,9.08
Ostrovnoy,RU,1602183269,68.05,39.51,88,1015,48.49,48.49,92,12.19
Lavrentiya,RU,1602183269,65.58,-171.0,93,984,40.48,40.48,100,21.59
Yekaterinoslavka,RU,1602183269,50.37,129.11,77,1028,37.83,37.83,0,5.41
Pisco,PE,1602183102,-13.7,-76.22,72,1014,68.0,68.0,4,9.17
Kholmogory,RU,1602183270,64.22,41.66,100,1018,50.0,50.0,90,2.51
Aklavik,CA,1602183002,68.22,-135.01,100,1009,35.6,35.6,90,8.05
Bulawayo,ZW,1602183270,-20.15,28.58,81,1014,65.57,65.57,100,7.87
Cairns,AU,1602182971,-16.92,145.77,88,1013,64.56,66.2,100,11.41
Indianola,US,1602183270,41.36,-93.56,32,1015,74.16,75.0,0,12.24
Nyimba,ZM,1602183270,-14.56,30.81,65,1013,75.47,75.47,100,0.94
Zwedru,LR,1602183271,6.07,-8.13,89,1013,73.31,73.31,98,4.14
Léo,BF,1602183271,11.1,-2.1,55,1010,81.99,81.99,4,2.26
Vestmannaeyjar,IS,1602183271,63.44,-20.27,87,1003,42.8,42.8,20,11.41
Ponta do Sol,PT,1602183271,32.67,-17.1,78,1022,69.21,73.4,75,2.24
Solwezi,ZM,1602183271,-12.17,26.39,80,1013,65.39,65.39,100,4.83
Weinan,CN,1602183272,34.5,109.51,100,1026,56.7,57.0,40,3.58
Flinders,AU,1602183272,-34.58,150.86,76,1007,52.59,53.01,3,1.01
Pokhara,NP,1602183272,28.23,83.98,63,1016,68.23,68.23,0,3.22
Villacarrillo,ES,1602183272,38.12,-3.08,51,1020,70.0,70.0,51,1.77
Niterói,BR,1602183272,-22.88,-43.1,83,1009,79.59,80.6,75,6.93
Yacuiba,BO,1602183272,-22.04,-63.68,37,1009,96.8,96.8,0,9.17
Hailun,CN,1602183273,47.45,126.93,83,1024,43.84,43.84,100,7.78
Ilulissat,GL,1602183273,69.22,-51.1,89,1013,32.0,32.0,20,5.82
Galle,LK,1602183273,6.04,80.22,81,1010,79.99,79.99,79,9.91
Campbell River,CA,1602183130,50.02,-125.24,87,1010,56.68,57.2,90,2.24
Botevgrad,BG,1602183273,42.9,23.78,87,1016,51.26,51.8,90,13.87
Ensley,US,1602183222,30.52,-87.27,74,1017,85.82,87.01,75,9.17
Hanko,FI,1602183274,59.83,22.95,89,1012,54.84,55.99,92,3.0
George Town,MY,1602183274,5.41,100.34,94,1007,77.63,78.8,40,3.36
Kaseda-shirakame,JP,1602183275,31.42,130.32,79,1010,70.3,70.3,87,16.46
Pangnirtung,CA,1602183275,66.15,-65.71,74,1002,35.6,35.6,90,13.87
Onega,RU,1602183276,63.91,38.14,95,1018,48.0,48.0,88,5.23
El Alto,PE,1602183276,-4.27,-81.21,64,1014,75.2,75.2,79,13.87
Hamilton,US,1602183155,39.18,-84.53,33,1021,74.34,75.99,1,5.82
Rumoi,JP,1602183279,43.93,141.64,60,1028,51.93,51.93,87,5.53
Tual,ID,1602183279,-5.67,132.75,83,1008,80.08,80.08,100,15.28
Quatre Cocos,MU,1602183279,-20.21,57.76,88,1018,74.25,75.0,40,6.93
Berlevåg,NO,1602183279,70.86,29.09,81,1008,50.0,50.0,40,13.87
Cabo San Lucas,MX,1602183143,22.89,-109.91,52,1013,92.48,95.0,5,8.05
Tena,EC,1602183280,-0.98,-77.82,83,1018,77.0,77.0,90,4.7
Pilibanga,IN,1602183280,29.49,74.08,20,1008,80.91,80.91,0,4.76
Havelock,US,1602183280,34.88,-76.9,48,1017,82.09,84.0,1,8.05
Maromitsa,RU,1602183280,59.87,48.01,75,1026,49.21,49.21,95,8.08
Xining,CN,1602183280,36.62,101.77,63,1022,43.27,43.27,14,2.13
Ambatondrazaka,MG,1602183281,-17.83,48.42,85,1016,69.06,69.06,3,6.22
Galveston,US,1602183281,29.37,-94.97,78,1014,79.63,81.0,75,13.87
Pochutla,MX,1602183281,15.74,-96.47,66,1013,86.18,88.0,90,6.91
Deputatsky,RU,1602183281,69.3,139.9,97,1014,18.79,18.79,92,4.79
Bangkalan,ID,1602183281,-7.05,112.74,75,1008,80.26,80.26,100,3.71
San Ignacio,BZ,1602183007,17.16,-89.07,66,1013,89.33,91.0,40,4.7
Kachīry,KZ,1602183282,53.07,76.1,84,1037,33.31,33.31,96,7.54
Provideniya,RU,1602183282,64.38,-173.3,94,978,41.14,41.14,100,17.02
Port Moresby,PG,1602183282,-9.44,147.18,76,1010,74.57,74.57,100,9.17
Taltal,CL,1602183282,-25.4,-70.48,44,1015,69.1,69.1,68,7.81
Aswān,EG,1602183282,24.09,32.91,15,1010,93.42,93.42,7,11.54
Los Alamos,US,1602183282,35.89,-106.31,9,1025,73.9,75.99,1,4.7
Kanniyākumāri,IN,1602183283,8.08,77.57,84,1009,79.75,79.75,84,15.95
Antequera,ES,1602183283,37.02,-4.56,53,1022,71.17,72.0,12,4.7
Sur,OM,1602183283,22.57,59.53,52,1010,79.57,79.57,0,7.81
Beira,MZ,1602183283,-19.84,34.84,69,1015,73.2,73.4,20,13.87
Shelburne,CA,1602183283,44.08,-80.2,87,1019,51.93,52.0,90,5.82
Clyde River,CA,1602183284,70.47,-68.59,100,1013,21.2,21.2,75,9.17
Butaritari,KI,1602183284,3.07,172.79,80,1010,81.9,81.9,0,15.73
Rokytne,UA,1602183284,51.28,27.21,98,1017,58.37,58.37,100,3.36
Shingū,JP,1602183285,33.73,135.98,92,1017,67.17,67.17,100,27.89
Maceió,BR,1602183053,-9.67,-35.74,66,1013,84.2,84.2,20,16.11
Osa,RU,1602183286,57.28,55.46,79,1036,41.86,41.86,100,8.7
Qui Nhon,VN,1602183286,13.77,109.23,87,1007,78.21,78.21,100,3.0
Mahébourg,MU,1602183287,-20.41,57.7,88,1018,73.4,73.4,40,6.93
Visnes,NO,1602183287,59.36,5.22,93,1001,49.73,51.01,75,13.87
Río Gallegos,AR,1602183288,-51.62,-69.22,51,1002,57.2,57.2,40,23.04
Mount Isa,AU,1602183289,-20.73,139.5,22,1015,69.8,69.8,0,14.99
Krasnogvardeyets,RU,1602183289,52.68,52.36,58,1041,43.14,43.14,25,9.19
Madimba,TZ,1602183289,-10.4,40.33,88,1013,75.2,75.2,20,5.82
Frontera,MX,1602183289,26.93,-101.45,47,1014,80.6,80.6,5,7.05
Arraial do Cabo,BR,1602183290,-22.97,-42.03,88,1011,77.0,77.0,75,8.05
Huoqiu,CN,1602183290,32.34,116.27,85,1022,59.88,59.88,0,5.91
Saint Paul Harbor,US,1602183290,57.79,-152.41,93,986,48.2,48.2,90,3.36
Plettenberg Bay,ZA,1602183290,-34.05,23.37,86,1014,60.35,60.35,100,7.65
Sand Springs,US,1602182993,36.14,-96.11,33,1018,86.14,87.8,1,5.82
Madera,US,1602183291,37.17,-119.83,31,1013,75.15,79.0,100,1.99
Colares,PT,1602183291,38.8,-9.45,77,1021,66.22,69.01,20,17.22
Rādhanpur,IN,1602183291,23.83,71.6,51,1009,83.66,83.66,0,5.82
José Bonifácio,BR,1602183291,-21.05,-49.69,25,1006,97.14,97.14,95,6.91
Oktyabr'skoye,RU,1602183291,43.06,44.74,93,1026,48.09,48.2,0,6.71
Povenets,RU,1602183291,62.85,34.83,95,1017,52.23,52.23,100,7.78
Mogadishu,SO,1602183140,2.04,45.34,85,1012,79.48,79.48,0,11.3
Airai,TL,1602183292,-8.93,125.41,100,1008,61.18,61.18,100,2.59
Padang,ID,1602183292,-0.95,100.35,86,1010,75.49,75.49,100,5.61
Umm Kaddadah,SD,1602183292,13.6,26.69,15,1008,93.78,93.78,0,10.85
Flin Flon,CA,1602183292,54.77,-101.86,75,1011,42.8,42.8,90,6.93
Gizo Government Station,SB,1602183293,-8.1,156.84,80,1008,81.57,81.57,27,14.65
Namatanai,PG,1602183152,-3.67,152.43,79,1007,79.66,79.66,79,4.52
Tautira,PF,1602183293,-17.73,-149.15,69,1017,82.2,82.4,20,5.82
Bubaque,GW,1602183293,11.28,-15.83,78,1012,83.32,83.32,100,8.72
Alta Floresta,BR,1602183065,-9.88,-56.09,21,1007,100.58,100.58,80,2.51
Corn Island,NI,1602183294,12.17,-83.04,72,1009,81.73,81.73,100,3.24
Necochea,AR,1602183294,-38.55,-58.74,56,1012,60.01,60.01,85,4.0
Imbituba,BR,1602183065,-28.24,-48.67,73,1013,69.8,69.8,75,2.24
Chokurdakh,RU,1602183130,70.63,147.92,99,1011,23.77,23.77,94,7.94
Dikson,RU,1602183295,73.51,80.55,94,1012,31.78,31.78,98,18.88
Ancud,CL,1602183296,-41.87,-73.82,93,1021,48.72,51.8,75,6.93
Bandarbeyla,SO,1602183296,9.49,50.81,82,1011,79.05,79.05,77,9.84
Lanxi,CN,1602183297,29.22,119.48,87,1021,60.58,60.58,24,3.49
Tadine,NC,1602183297,-21.55,167.88,85,1014,71.82,71.82,38,10.54
Sisimiut,GL,1602183298,66.94,-53.67,73,1010,36.73,36.73,100,12.21
Hervey Bay,AU,1602183299,-25.3,152.85,74,1012,69.01,69.01,0,3.0
Poum,NC,1602183299,-20.23,164.02,76,1013,73.17,73.17,4,9.26
Hithadhoo,MV,1602183154,-0.6,73.08,73,1011,82.47,82.47,89,5.97
Kutum,SD,1602183299,14.2,24.67,25,1010,82.9,82.9,32,3.42
Todos Santos,MX,1602183299,23.45,-110.22,79,1009,83.03,84.0,0,5.99
Suez,EG,1602183300,29.97,32.53,48,1012,81.63,81.63,3,10.27
Bāneh,IR,1602183300,36.0,45.89,75,1022,46.8,46.8,0,6.58
Yulara,AU,1602183135,-25.24,130.99,54,1019,53.6,53.6,0,8.05
Coquimbo,CL,1602183300,-29.95,-71.34,63,1018,62.6,62.6,43,17.22
Vila Franca do Campo,PT,1602183300,37.72,-25.43,83,1023,71.6,71.6,40,5.82
Erenhot,CN,1602183301,43.65,111.98,42,1018,48.29,48.29,0,12.35
Hong Kong,HK,1602183083,22.29,114.16,70,1015,72.68,75.99,71,1.99
Kawalu,ID,1602183301,-7.38,108.21,91,1009,72.18,72.18,100,1.54
Port Macquarie,AU,1602183301,-31.43,152.92,99,1010,58.48,59.0,1,5.19
Kenitra,MA,1602183301,34.26,-6.58,100,1018,66.2,66.2,75,4.12
Naze,JP,1602183302,28.37,129.48,88,1010,75.2,75.2,90,16.11
Karratha,AU,1602183302,-20.74,116.85,52,1011,59.92,59.92,0,2.51
Rome,US,1602183302,43.21,-75.46,50,1018,52.16,53.6,90,20.8
Bar,UA,1602183302,49.08,27.68,91,1015,59.54,59.54,100,7.56
Vostok,RU,1602183302,46.49,135.88,97,1031,32.16,32.16,11,4.59
Huinan,CN,1602183303,42.62,126.26,65,1027,51.26,51.26,100,3.36
Bossangoa,CF,1602183303,6.49,17.46,96,1012,68.14,68.14,93,5.55
Smithers,CA,1602183303,54.78,-127.17,93,1011,39.2,39.2,90,3.36
Dongli,CN,1602183303,23.57,116.82,83,1016,69.8,69.8,20,2.24
Montijo,PT,1602183303,38.71,-8.97,68,1020,69.06,71.6,7,8.05
Vallenar,CL,1602183304,-28.57,-70.76,10,1017,90.88,90.88,0,10.83
Fábiánsebestyén,HU,1602183304,46.68,20.47,96,1017,55.49,55.99,0,8.55
Souillac,MU,1602183304,-20.52,57.52,88,1018,73.4,73.4,40,6.93
Touros,BR,1602183305,-5.2,-35.46,55,1012,86.0,86.0,99,13.87
Lamu,KE,1602183305,-2.27,40.9,88,1012,77.0,77.0,1,4.7
Mayor Pablo Lagerenza,PY,1602183306,-19.93,-60.77,14,1003,109.02,109.02,0,13.87
Ludvika,SE,1602183306,60.15,15.19,87,1004,50.92,51.8,100,8.05
Talaya,RU,1602183307,61.38,152.75,91,1010,25.16,25.16,0,2.44
São Filipe,CV,1602183154,14.9,-24.5,78,1014,82.18,82.18,100,6.31
Nadym,RU,1602183308,65.53,72.52,96,1018,28.72,28.72,0,11.16
Smirnykh,RU,1602183309,49.75,142.83,77,1025,37.74,37.74,0,3.2
Monrovia,LR,1602183140,6.3,-10.8,83,1012,80.6,80.6,75,7.34
Florianópolis,BR,1602183309,-27.61,-48.5,73,1013,69.64,71.01,75,2.24
Hasaki,JP,1602183309,35.73,140.83,100,1025,59.31,60.8,75,11.41
Kushmurun,KZ,1602183310,52.45,64.63,79,1042,35.42,35.42,71,3.49
Havøysund,NO,1602183310,71.0,24.66,81,1006,52.68,53.6,40,9.17
Coxim,BR,1602183127,-18.51,-54.76,17,1005,105.55,105.55,90,6.93
Morón,AR,1602183310,-34.65,-58.62,40,1015,73.4,77.0,0,6.93
Baruun-Urt,MN,1602183310,46.68,113.28,71,1015,39.99,39.99,0,12.82
Arman',RU,1602183311,59.7,150.17,76,1011,36.36,36.36,0,4.9
Togur,RU,1602183311,58.36,82.83,99,1025,28.71,28.71,100,8.77
Aljezur,PT,1602183311,37.32,-8.8,83,1021,63.0,63.0,75,1.01
Tommot,RU,1602183311,58.96,126.29,92,1022,33.15,33.15,85,1.9
Moranbah,AU,1602183311,-22.0,148.05,71,1015,63.18,63.18,0,1.57
Parrsboro,CA,1602183311,45.4,-64.33,69,993,53.49,54.0,88,8.99
Mahajanga,MG,1602183312,-15.72,46.32,74,1013,78.8,78.8,40,8.05
Port Blair,IN,1602183312,11.67,92.75,75,1007,79.93,79.93,100,3.0
Medicine Hat,CA,1602183127,50.05,-110.67,34,1001,68.0,68.0,75,21.92
Al Bardīyah,LY,1602183312,31.76,25.09,88,1015,74.77,74.77,30,13.87
Khovd,MN,1602183312,48.01,91.64,71,1022,35.28,35.28,100,5.88
Salinas,US,1602183306,36.68,-121.66,77,1016,61.16,62.01,90,3.36
Tūkrah,LY,1602183313,32.53,20.58,76,1017,73.53,73.53,41,10.45
Solnechnyy,RU,1602183313,50.72,136.63,80,1026,37.17,37.17,0,1.86
Boda,CF,1602183313,4.32,17.47,96,1013,68.88,68.88,99,3.94
Isiolo,KE,1602183246,0.35,37.58,60,1013,72.88,72.88,99,12.17
Vila Velha,BR,1602183241,-20.33,-40.29,78,1012,81.34,82.0,75,13.87
Kahului,US,1602183314,20.89,-156.47,61,1016,77.23,79.0,20,7.47
Nouadhibou,MR,1602183314,20.93,-17.03,69,1013,77.0,77.0,0,13.87
El Tigre,VE,1602183314,8.89,-64.25,43,1009,90.75,90.75,0,7.29
Hondomachi-hondo,JP,1602183315,32.45,130.2,60,1014,68.0,68.0,79,8.01
Saint Anthony,US,1602183315,45.02,-93.22,39,1021,63.23,64.99,1,8.05
Kamenka,RU,1602183316,51.32,42.77,39,1030,48.0,48.0,0,11.52
Erzurum Province,TR,1602183318,40.0,41.5,39,1028,50.0,50.0,0,9.17
Sosnovo-Ozerskoye,RU,1602183319,52.52,111.54,98,1014,32.79,32.79,100,8.68
Astara,AZ,1602183319,38.5,48.67,100,1030,53.6,53.6,40,2.95
Paraguaçu,BR,1602183319,-21.55,-45.74,32,1008,87.6,87.6,80,13.58
East Wenatchee Bench,US,1602183319,47.43,-120.28,40,1008,75.43,77.0,1,12.75
Broken Hill,AU,1602183320,-31.95,141.43,87,1019,44.6,44.6,0,6.93
Sandnessjøen,NO,1602183320,66.02,12.63,87,1000,48.63,50.0,20,6.93
Abu Dhabi,AE,1602183122,24.47,54.37,70,1009,88.83,89.6,0,5.82
Puerto Madryn,AR,1602183187,-42.77,-65.04,31,1008,64.65,64.65,97,25.77
Port Augusta,AU,1602183320,-32.5,137.77,100,1020,42.21,42.8,0,4.7
Batticaloa,LK,1602183320,7.71,81.69,78,1009,81.46,81.46,100,7.02
Kichera,RU,1602183321,55.94,110.1,77,1020,37.67,37.67,100,4.83
Sinnamary,GF,1602183321,5.38,-52.95,65,1010,85.84,85.84,0,10.94
Innisfail,AU,1602183304,-17.53,146.03,86,1014,66.88,66.88,100,3.91
Kayasula,RU,1602183321,44.33,45.0,59,1027,56.73,56.73,0,15.64
Forsytheganj,BY,1602183321,52.63,29.73,93,1018,57.56,57.56,100,7.83
Grindavik,IS,1602183321,63.84,-22.43,86,1005,41.0,41.0,40,11.41
Baykit,RU,1602183322,61.67,96.37,94,1019,23.88,23.88,33,4.0
Ouahigouya,BF,1602183322,13.58,-2.42,35,1009,90.57,90.57,19,5.1
Mana,GF,1602183322,5.66,-53.78,68,1010,85.71,85.71,0,11.05
Saint George,US,1602183030,37.1,-113.58,11,1017,77.94,82.0,1,1.92
Colac,AU,1602183126,-38.33,143.58,99,1009,45.66,46.99,100,7.0
Comodoro Rivadavia,AR,1602183322,-45.87,-67.5,33,1007,62.6,62.6,40,16.11
Orël-Izumrud,RU,1602183323,43.46,39.92,52,1017,66.09,66.2,0,4.47
Ossora,RU,1602183323,59.24,163.07,81,1005,34.43,34.43,0,18.03
Itoman,JP,1602183323,26.12,127.67,83,1012,75.83,77.0,75,10.29
Goderich,CA,1602183323,43.75,-81.72,73,1017,59.49,61.0,29,13.87
Boo,SE,1602183323,59.33,18.28,87,1007,55.13,55.4,100,6.93
Jasper,US,1602183324,37.2,-94.35,45,1019,83.07,84.99,1,6.24
Salinópolis,BR,1602183324,-0.61,-47.36,69,1010,82.81,82.81,100,11.01
Cherëmukhovo,RU,1602183324,60.35,59.99,89,1030,37.98,37.98,100,5.84
Boca do Acre,BR,1602183325,-8.75,-67.4,26,1008,100.98,100.98,40,3.89
Voi,KE,1602183326,-3.39,38.56,67,1013,73.81,73.81,0,9.69
Sobolevo,RU,1602183326,54.43,31.9,91,1020,55.85,55.85,100,13.65
Geraldton,AU,1602183327,-28.77,114.6,93,1015,51.8,51.8,0,8.05
Assiut,EG,1602183327,27.18,31.18,31,1013,89.6,89.6,99,8.05
Pacific Grove,US,1602183227,36.62,-121.92,82,1016,60.96,62.01,90,3.36
Kavaratti,IN,1602183329,10.57,72.64,82,1008,81.77,81.77,95,10.69
Pevek,RU,1602183329,69.7,170.31,98,1002,32.02,32.02,100,19.01
Wewak,PG,1602183329,-3.55,143.63,79,1007,78.55,78.55,100,2.39
Zhangaözen,KZ,1602183329,43.3,52.8,39,1034,49.68,49.68,0,12.12
Grand-Lahou,CI,1602183330,5.14,-5.02,91,1012,76.75,76.75,63,9.37
Port Lincoln,AU,1602183330,-34.73,135.87,82,1019,49.39,49.39,0,8.79
Palma di Montechiaro,IT,1602183330,37.19,13.77,77,1021,64.0,64.0,0,3.0
Bhādra,IN,1602183330,29.12,75.17,22,1008,80.55,80.55,0,3.51
Liverpool,GB,1602183069,53.41,-2.98,81,1016,49.98,51.8,20,5.82
Toila,EE,1602183331,59.42,27.5,83,1015,54.54,54.54,100,9.62
Sikasso,ML,1602183331,10.92,-7.0,65,1010,81.14,81.14,0,0.89
Ngunguru,NZ,1602183331,-35.62,174.5,80,1024,57.99,57.99,100,7.0
Labuhan,ID,1602183331,-6.88,112.21,77,1008,79.03,79.03,89,9.95
Hokitika,NZ,1602183331,-42.72,170.97,78,1030,45.03,45.03,0,5.12
Norwich,GB,1602183332,52.63,1.3,93,1015,51.21,51.8,75,6.93
Safi,MA,1602183306,32.3,-9.24,80,1019,69.8,69.8,25,7.4
Dundee,GB,1602183332,56.5,-2.97,81,1011,45.93,48.2,20,8.05
Bilibino,RU,1602183332,68.05,166.44,95,1006,21.43,21.43,100,2.21
Kolyvan',RU,1602183332,55.31,82.74,92,1030,28.4,28.4,0,6.71
Saldanha,ZA,1602183332,-33.01,17.94,82,1016,59.0,59.0,16,16.11
Kushiro,JP,1602183285,42.98,144.37,71,1028,50.41,50.41,86,4.09
Codrington,AU,1602183333,-38.27,141.97,85,1013,50.52,50.52,100,17.56
Matagami,CA,1602183333,49.75,-77.63,56,1014,41.0,41.0,90,11.41
Bolgatanga,GH,1602183246,10.79,-0.85,58,1010,83.26,83.26,0,4.32
Marawi,PH,1602183333,8.0,124.29,94,1009,73.99,73.99,99,5.99
Zinder,NE,1602183333,13.81,8.99,49,1011,89.6,89.6,20,2.24
Praia,CV,1602183334,14.92,-23.51,69,1014,78.8,78.8,90,10.29
Kiama,AU,1602183334,-34.68,150.87,75,1012,52.63,53.01,7,3.0
Shimoda,JP,1602183335,34.67,138.95,69,1022,60.53,64.99,100,5.01
Esil,KZ,1602183335,51.96,66.4,90,1042,32.18,32.18,0,2.37
Orsha,BY,1602183336,54.52,30.41,97,1019,57.42,57.42,100,6.62
Kaina,NG,1602183336,12.64,8.59,88,1014,78.8,78.8,20,3.36
Kangaatsiaq,GL,1602183337,68.31,-53.46,85,1012,31.15,31.15,55,13.44
Kolpashevo,RU,1602183338,58.31,82.91,99,1025,28.2,28.2,100,8.68
Portoferraio,IT,1602183338,42.81,10.31,82,1022,64.13,64.99,99,6.82
Broome,US,1602183339,42.25,-75.83,61,1018,52.56,55.99,75,10.29
Kīhei,US,1602183339,20.79,-156.47,61,1016,77.22,79.0,20,0.51
Jablanica,BA,1602183339,43.66,17.76,54,1019,57.25,59.0,20,6.93
Dudinka,RU,1602183339,69.41,86.18,100,1003,30.2,30.2,90,15.66
Capinópolis,BR,1602183340,-18.68,-49.57,14,1006,104.09,104.09,35,8.68
Maningrida,AU,1602183340,-12.07,134.27,76,1010,75.72,75.72,100,6.26
Taoudenni,ML,1602183340,22.68,-3.98,16,1011,90.84,90.84,0,10.89
Dunedin,NZ,1602183340,-45.87,170.5,68,1033,46.0,46.0,0,15.01
Kayerkan,RU,1602183340,69.35,87.76,100,1003,30.2,30.2,90,15.66
Ilhéus,BR,1602183341,-14.79,-39.05,74,1011,79.68,79.68,0,10.54
Sonāri,IN,1602183341,27.07,95.03,94,1011,75.42,75.42,92,1.25
Tanem,NO,1602183341,63.31,10.43,93,1001,48.85,50.0,75,8.05
Ukiah,US,1602183278,39.15,-123.21,63,1015,65.73,72.0,1,4.03
Raudeberg,NO,1602183341,61.99,5.14,91,1000,48.0,48.0,100,2.57
Takahagi,JP,1602183342,36.72,140.72,81,1022,60.44,62.01,100,14.12
Uşak Province,TR,1602183342,38.5,29.42,45,1013,68.16,68.16,100,11.03
Alofi,NU,1602183342,-19.06,-169.92,94,1014,75.2,75.2,100,4.7
Trincomalee,LK,1602183342,8.57,81.23,81,1009,79.54,79.54,97,11.18
Daru,PG,1602183342,-9.08,143.21,82,1009,74.62,74.62,97,10.85
Acaraú,BR,1602183194,-2.89,-40.12,66,1010,82.92,82.92,99,20.02
Alice Springs,AU,1602183343,-23.7,133.88,87,1020,53.6,53.6,30,3.36
Dutlwe,BW,1602183343,-23.98,23.9,74,1013,66.6,66.6,0,5.97
Sayyan,YE,1602183343,15.17,44.32,31,1015,60.08,60.08,0,8.41
Gisborne,NZ,1602183337,-38.65,178.0,91,1032,45.0,45.0,99,3.0
Bereda,ES,1602183343,43.27,-7.54,97,1022,59.7,61.0,11,5.99
Dawlatabad,AF,1602183344,36.41,64.91,36,1025,48.99,48.99,37,2.89
Caborca,MX,1602183344,30.58,-111.1,11,1011,95.0,95.0,0,3.0
Lüderitz,NA,1602183344,-26.65,15.16,77,1017,58.5,58.5,0,19.6
Los Llanos de Aridane,ES,1602183345,28.66,-17.92,78,1021,72.03,75.2,20,8.05
Fairbanks,US,1602183156,64.84,-147.72,69,998,39.43,43.0,1,6.93
Altay,CN,1602183346,47.87,88.12,79,1028,35.55,35.55,100,4.79
Pundaguitan,PH,1602183346,6.37,126.17,76,1008,82.58,82.58,100,6.13
Mitú,CO,1602183347,1.2,-70.17,82,1011,81.91,81.91,100,2.19
Shahr-e Kord,IR,1602183347,32.33,50.86,25,1024,50.0,50.0,0,4.7
Srednekolymsk,RU,1602183348,67.45,153.68,95,1013,21.49,21.49,0,1.36
Trairi,BR,1602183349,-3.28,-39.27,67,1010,82.44,82.44,98,14.76
Itiruçu,BR,1602183349,-13.53,-40.15,26,1010,90.57,90.57,0,10.11
Nuuk,GL,1602183349,64.18,-51.72,93,1011,35.29,35.6,90,2.24
Glenwood Springs,US,1602183335,39.55,-107.32,10,1033,66.45,71.01,1,9.17
Griffith,US,1602183090,41.53,-87.42,42,1022,67.51,70.0,1,11.41
Beidao,CN,1602183350,34.57,105.89,80,1023,55.04,55.04,100,3.04
Conakry,GN,1602183071,9.54,-13.68,74,1012,82.4,82.4,40,11.41
Itupiranga,BR,1602183244,-5.13,-49.33,41,1010,96.8,96.8,40,3.36
Toktogul,KG,1602183350,41.87,72.94,54,1025,52.21,52.21,100,1.54
Charters Towers,AU,1602183350,-20.1,146.27,90,1015,61.5,61.5,0,4.09
Hobyo,SO,1602183350,5.35,48.53,83,1010,79.56,79.56,100,18.23
Banda Aceh,ID,1602183303,5.56,95.32,68,1009,80.8,80.8,100,11.97
Qandala,SO,1602183351,11.47,49.87,47,1011,82.31,82.31,0,3.62
Dubrovka,RU,1602183351,53.69,33.51,62,1021,56.73,56.73,100,8.34
Tilichiki,RU,1602183351,60.47,166.1,92,998,26.19,26.19,46,8.5
San Quintín,MX,1602183351,30.48,-115.95,61,1013,74.01,74.01,0,14.2
High Rock,BS,1602183351,26.62,-78.28,70,1017,86.0,86.0,40,9.17
Chaman,PK,1602183352,30.92,66.45,36,1015,54.93,54.93,0,1.23
Egvekinot,RU,1602183352,66.32,-179.17,97,982,34.93,34.93,100,17.74
Dali,CN,1602183352,25.7,100.18,86,1015,61.36,61.36,60,3.6
Payson,US,1602183160,40.04,-111.73,18,1019,75.99,79.0,1,8.05
Sola,VU,1602183352,-13.88,167.55,88,1010,80.6,80.6,75,5.82
Erdenet,MN,1602183352,49.03,104.08,95,1020,33.1,33.1,100,1.68
Yarmolyntsi,UA,1602183353,49.19,26.84,94,1012,60.01,60.01,100,1.01
Yangi Marg`ilon,UZ,1602183353,40.43,71.72,31,1023,57.2,57.2,100,2.24
Ballina,AU,1602183353,-28.87,153.57,77,1011,62.74,66.2,0,5.82
Bintulu,MY,1602183353,3.17,113.03,100,1009,73.4,73.4,40,0.96
Avera,US,1602183353,33.19,-82.53,42,1018,84.22,86.0,1,5.46
Tecolutla,MX,1602183354,20.48,-97.02,48,1014,84.2,84.2,75,9.17
Caravelas,BR,1602183354,-17.71,-39.25,71,1010,81.41,81.41,0,13.8
Buchanan,LR,1602183355,5.88,-10.05,83,1012,80.6,80.6,75,6.44
Chitral,PK,1602183355,35.85,71.79,39,1021,63.0,63.0,11,3.18
Northam,GB,1602183356,51.03,-4.22,81,1019,52.7,54.0,32,3.0
Rabak,SD,1602183356,13.18,32.74,32,1008,90.3,90.3,0,8.05
Sirte,LY,1602183357,31.21,16.59,72,1019,75.24,75.24,14,12.1
Goreloye,RU,1602183358,52.94,41.5,39,1030,54.1,54.1,36,10.47
Arrecife,ES,1602183358,28.96,-13.55,73,1019,75.2,75.2,20,17.22
Kabwe,ZM,1602183359,-14.45,28.45,78,1014,68.49,68.49,100,4.27
Marsh Harbour,BS,1602183116,26.54,-77.06,66,1016,82.9,82.9,13,8.32
Mehamn,NO,1602183359,71.04,27.85,81,1008,50.41,51.8,40,13.87
Salalah,OM,1602183359,17.02,54.09,83,1012,78.8,78.8,75,3.36
Gebre Guracha,ET,1602183359,9.8,38.4,63,1017,51.6,51.6,18,6.06
Cantapoy,PH,1602183360,9.49,125.44,89,1008,76.69,76.69,100,3.18
Santa Cruz,MA,1602183096,30.42,-9.6,88,1018,66.2,66.2,40,9.17
Kiryat Gat,IL,1602183301,31.61,34.76,65,1012,81.23,82.0,0,1.12
Mbalmayo,CM,1602183360,3.52,11.5,83,1016,78.8,78.8,75,1.12
Casper,US,1602183360,42.87,-106.31,11,1016,76.84,79.0,1,18.34
Minudasht,IR,1602183360,37.23,55.37,87,1026,60.8,60.8,90,3.53
Mollendo,PE,1602183361,-17.02,-72.01,71,1014,65.25,65.25,72,7.96
Belyy Yar,RU,1602183361,53.6,91.39,96,1025,32.0,32.0,40,4.47
Dingle,PH,1602183135,11.0,122.67,90,1007,75.65,75.65,100,1.74
Iquique,CL,1602183361,-20.22,-70.14,63,1015,64.4,64.4,48,14.99
Port Hardy,CA,1602183361,50.7,-127.42,100,1010,50.0,50.0,90,4.7
Hambantota,LK,1602183361,6.12,81.12,94,1009,78.8,78.8,40,8.05
Ketchikan,US,1602183102,55.34,-131.65,87,1012,46.4,46.4,90,3.36
Klamath Falls,US,1602183362,42.22,-121.78,35,1017,61.88,70.0,1,4.7
Manokwari,ID,1602183362,-0.87,134.08,68,1008,78.8,78.8,100,3.33
Yar-Sale,RU,1602183362,66.83,70.83,92,1018,31.19,31.19,0,9.31
Bontang,ID,1602183362,0.13,117.5,89,1007,77.7,77.7,100,3.36
Aden,YE,1602183363,12.78,45.04,72,1011,84.07,84.07,0,10.22
Brae,GB,1602183363,60.4,-1.35,76,1005,50.0,50.0,20,18.34
Wajima,JP,1602183363,37.4,136.9,74,1023,65.57,65.57,100,24.81
Payo,ID,1602183364,-3.75,103.64,93,1009,72.52,72.52,100,1.28
La Romana,DO,1602183364,18.43,-68.97,62,1013,89.6,89.6,40,11.41
Ames,US,1602183166,42.03,-93.62,27,1021,73.72,75.0,1,9.17
Atbasar,KZ,1602183365,51.8,68.33,92,1041,30.47,30.47,29,3.78
Las Cruces,US,1602183096,32.31,-106.78,8,1020,85.05,86.0,1,6.93
Sioux Lookout,CA,1602183366,50.1,-91.92,57,1019,48.2,48.2,20,4.7
Puerto Nariño,CO,1602183366,-3.77,-70.38,66,1013,91.4,91.4,75,3.36
Carballo,ES,1602183367,43.21,-8.69,82,1023,58.03,60.8,0,1.12
Thinadhoo,MV,1602183367,0.53,72.93,75,1011,82.06,82.06,55,9.42
Eagle Pass,US,1602183368,28.71,-100.5,35,1018,86.13,88.0,5,4.7
Ponta Delgada,PT,1602183369,37.73,-25.67,83,1023,71.6,71.6,40,5.82
Ntcheu,MW,1602183369,-14.82,34.64,52,1013,73.69,73.69,93,3.85
Aliwal North,ZA,1602183369,-30.69,26.71,36,1012,69.78,69.78,0,7.31
Richards Bay,ZA,1602183369,-28.78,32.04,73,1013,70.03,70.03,0,16.04
Ayan,RU,1602183370,56.45,138.17,62,1022,45.93,45.93,100,6.62
Beringovskiy,RU,1602183370,63.05,179.32,92,976,37.83,37.83,100,16.22
Prince Rupert,CA,1602183209,54.32,-130.32,87,1011,48.2,48.2,90,2.24
Leh,IN,1602183370,34.17,77.58,46,1023,41.85,41.85,0,4.47
Calamar,CO,1602183370,10.25,-74.91,66,1011,87.8,87.8,40,9.17
Santo Antônio do Içá,BR,1602183370,-3.1,-67.94,79,1010,82.8,82.8,100,3.69
Evensk,RU,1602183371,61.95,159.23,85,1009,30.16,30.16,0,9.57
Gorontalo,ID,1602183371,0.54,123.06,86,1007,74.8,74.8,99,2.86
Nova Odesa,UA,1602183371,47.31,31.79,68,1017,65.82,65.82,93,10.85
Woodward,US,1602183371,36.43,-99.39,22,1017,88.21,89.01,1,6.93
Manisa Province,TR,1602183371,38.83,28.17,79,1012,63.43,63.43,99,2.35
Huizhou,CN,1602183371,23.08,114.4,74,1016,66.88,66.88,83,5.01
Sawākin,SD,1602183372,19.11,37.33,53,1010,86.4,86.4,0,3.11
Baiyin,CN,1602183372,36.56,104.21,52,1027,46.4,46.4,20,2.24
Makokou,GA,1602183372,0.57,12.86,85,1012,72.46,72.46,74,1.63
Gibara,CU,1602183372,21.11,-76.13,49,1013,91.4,91.4,40,5.82
Mahon,ES,1602183372,39.89,4.27,77,1024,66.2,66.2,18,3.36
Ambajogai,IN,1602183373,18.73,76.38,89,1009,72.84,72.84,68,4.79
Asău,RO,1602183373,46.43,26.4,97,1013,59.0,59.0,100,4.07
Sørkjosen,NO,1602183373,69.8,20.93,71,1004,53.6,53.6,40,14.99
Soe,ID,1602183373,-9.86,124.28,98,1008,67.24,67.24,57,4.56
Newnan,US,1602183374,33.38,-84.8,39,1019,83.1,84.2,1,1.16
